{"cameraMode":{"drawMode":0,"name":"Shaded","section":"Shading Mode"},"sceneLighting":false,"audioPlay":false,"sceneViewState":{"m_AlwaysRefresh":false,"showFog":true,"showSkybox":false,"showFlares":true,"showImageEffects":true,"showParticleSystems":true,"showVisualEffectGraphs":true,"m_FxEnabled":true},"in2DMode":false,"pivot":{"x":-31.943077087402345,"y":-5.672735691070557,"z":-0.2997431755065918},"rotation":{"x":-0.007593031041324139,"y":0.9922374486923218,"z":-0.07786082476377487,"w":-0.09674926102161408},"size":3.8219525814056398,"orthographic":false}