{"cameraMode":{"drawMode":0,"name":"Shaded","section":"Shading Mode"},"sceneLighting":true,"audioPlay":false,"sceneViewState":{"m_AlwaysRefresh":false,"showFog":true,"showSkybox":true,"showFlares":true,"showImageEffects":true,"showParticleSystems":true,"showVisualEffectGraphs":true,"m_FxEnabled":true},"in2DMode":false,"pivot":{"x":113.17408752441406,"y":-138.84971618652345,"z":209.66407775878907},"rotation":{"x":-0.29327452182769778,"y":-0.32199370861053469,"z":0.10563682019710541,"w":-0.8939599990844727},"size":141.2235565185547,"orthographic":false}