{"cameraMode":{"drawMode":0,"name":"Shaded","section":"Shading Mode"},"sceneLighting":true,"audioPlay":false,"sceneViewState":{"m_AlwaysRefresh":false,"showFog":true,"showSkybox":true,"showFlares":true,"showImageEffects":true,"showParticleSystems":true,"showVisualEffectGraphs":true,"m_FxEnabled":true},"in2DMode":false,"pivot":{"x":1.1041913032531739,"y":1.9638593196868897,"z":0.27489662170410159},"rotation":{"x":-0.017197560518980027,"y":0.9809667468070984,"z":-0.16365690529346467,"w":-0.10308338701725006},"size":3.2862722873687746,"orthographic":false}