{"cameraMode":{"drawMode":0,"name":"Shaded","section":"Shading Mode"},"sceneLighting":true,"audioPlay":false,"sceneViewState":{"m_AlwaysRefresh":false,"showFog":true,"showSkybox":true,"showFlares":true,"showImageEffects":true,"showParticleSystems":true,"showVisualEffectGraphs":true,"m_FxEnabled":true},"in2DMode":false,"pivot":{"x":62.256465911865237,"y":-0.9446220397949219,"z":22.002431869506837},"rotation":{"x":0.07749700546264649,"y":0.8828662633895874,"z":-0.15700891613960267,"w":0.4357666075229645},"size":7.922999382019043,"orthographic":false}