{"cameraMode":{"drawMode":0,"name":"Shaded","section":"Shading Mode"},"sceneLighting":true,"audioPlay":false,"sceneViewState":{"m_AlwaysRefresh":false,"showFog":true,"showSkybox":true,"showFlares":true,"showImageEffects":true,"showParticleSystems":true,"showVisualEffectGraphs":true,"m_FxEnabled":true},"in2DMode":false,"pivot":{"x":-31.255739212036134,"y":19.46308135986328,"z":-27.45089340209961},"rotation":{"x":0.05608096718788147,"y":-0.44490373134613039,"z":-0.027927322313189508,"w":-0.8933955430984497},"size":1.8356785774230958,"orthographic":false}