{"cameraMode":{"drawMode":0,"name":"Shaded","section":"Shading Mode"},"sceneLighting":true,"audioPlay":false,"sceneViewState":{"m_AlwaysRefresh":false,"showFog":true,"showSkybox":true,"showFlares":true,"showImageEffects":true,"showParticleSystems":true,"showVisualEffectGraphs":true,"m_FxEnabled":true},"in2DMode":false,"pivot":{"x":6.602783203125,"y":7.926671981811523,"z":27.264013290405275},"rotation":{"x":-0.0008679463062435389,"y":0.8798190355300903,"z":-0.0015880393330007792,"w":-0.4753316640853882},"size":1.7236430644989014,"orthographic":false}